hostname,ip_address,os_distribution,falcon_status,falcon_version,is_reachable,owner_name,owner_email
host-1,10.0.0.1,CentOS 7,Healthy,6.16.0,True,Owner 1,owner1@example.com
host-2,10.0.0.2,Ubuntu 22.04,Healthy,6.16.0,True,Owner 2,owner2@example.com
host-3,10.0.0.3,CentOS 7,Healthy,6.16.0,True,Owner 3,owner3@example.com
host-4,10.0.0.4,Ubuntu 22.04,Healthy,6.16.0,True,Owner 4,owner4@example.com
host-5,10.0.0.5,CentOS 7,Failed,6.16.0,True,Owner 5,owner5@example.com
host-6,10.0.0.6,Ubuntu 22.04,Healthy,6.16.0,True,Owner 1,owner1@example.com
host-7,10.0.0.7,CentOS 7,Healthy,6.16.0,False,Owner 2,owner2@example.com
host-8,10.0.0.8,Ubuntu 22.04,Healthy,6.16.0,True,Owner 3,owner3@example.com
host-9,10.0.0.9,CentOS 7,Healthy,6.16.0,True,Owner 4,owner4@example.com
host-10,10.0.0.10,Ubuntu 22.04,Failed,6.16.0,True,Owner 5,owner5@example.com
host-11,10.0.0.11,CentOS 7,Healthy,6.16.0,True,Owner 1,owner1@example.com
host-12,10.0.0.12,Ubuntu 22.04,Healthy,6.16.0,True,Owner 2,owner2@example.com
host-13,10.0.0.13,CentOS 7,Healthy,6.16.0,True,Owner 3,owner3@example.com
host-14,10.0.0.14,Ubuntu 22.04,Healthy,6.16.0,False,Owner 4,owner4@example.com
host-15,10.0.0.15,CentOS 7,Failed,6.16.0,True,Owner 5,owner5@example.com
host-16,10.0.0.16,Ubuntu 22.04,Healthy,6.16.0,True,Owner 1,owner1@example.com
host-17,10.0.0.17,CentOS 7,Healthy,6.16.0,True,Owner 2,owner2@example.com
host-18,10.0.0.18,Ubuntu 22.04,Healthy,6.16.0,True,Owner 3,owner3@example.com
host-19,10.0.0.19,CentOS 7,Healthy,6.16.0,True,Owner 4,owner4@example.com
host-20,10.0.0.20,Ubuntu 22.04,Failed,6.16.0,True,Owner 5,owner5@example.com
host-21,10.0.0.21,CentOS 7,Healthy,6.16.0,False,Owner 1,owner1@example.com
host-22,10.0.0.22,Ubuntu 22.04,Healthy,6.16.0,True,Owner 2,owner2@example.com
host-23,10.0.0.23,CentOS 7,Healthy,6.16.0,True,Owner 3,owner3@example.com
host-24,10.0.0.24,Ubuntu 22.04,Healthy,6.16.0,True,Owner 4,owner4@example.com
host-25,10.0.0.25,CentOS 7,Failed,6.16.0,True,Owner 5,owner5@example.com
host-26,10.0.0.26,Ubuntu 22.04,Healthy,6.16.0,True,Owner 1,owner1@example.com
host-27,10.0.0.27,CentOS 7,Healthy,6.16.0,True,Owner 2,owner2@example.com
host-28,10.0.0.28,Ubuntu 22.04,Healthy,6.16.0,False,Owner 3,owner3@example.com
host-29,10.0.0.29,CentOS 7,Healthy,6.16.0,True,Owner 4,owner4@example.com
host-30,10.0.0.30,Ubuntu 22.04,Failed,6.16.0,True,Owner 5,owner5@example.com
host-31,10.0.0.31,CentOS 7,Healthy,6.16.0,True,Owner 1,owner1@example.com
host-32,10.0.0.32,Ubuntu 22.04,Healthy,6.16.0,True,Owner 2,owner2@example.com
host-33,10.0.0.33,CentOS 7,Healthy,6.16.0,True,Owner 3,owner3@example.com
host-34,10.0.0.34,Ubuntu 22.04,Healthy,6.16.0,True,Owner 4,owner4@example.com
host-35,10.0.0.35,CentOS 7,Failed,6.16.0,False,Owner 5,owner5@example.com
host-36,10.0.0.36,Ubuntu 22.04,Healthy,6.16.0,True,Owner 1,owner1@example.com
host-37,10.0.0.37,CentOS 7,Healthy,6.16.0,True,Owner 2,owner2@example.com
host-38,10.0.0.38,Ubuntu 22.04,Healthy,6.16.0,True,Owner 3,owner3@example.com
host-39,10.0.0.39,CentOS 7,Healthy,6.16.0,True,Owner 4,owner4@example.com
host-40,10.0.0.40,Ubuntu 22.04,Failed,6.16.0,True,Owner 5,owner5@example.com
host-41,10.0.0.41,CentOS 7,Healthy,6.16.0,True,Owner 1,owner1@example.com
host-42,10.0.0.42,Ubuntu 22.04,Healthy,6.16.0,False,Owner 2,owner2@example.com
host-43,10.0.0.43,CentOS 7,Healthy,6.16.0,True,Owner 3,owner3@example.com
host-44,10.0.0.44,Ubuntu 22.04,Healthy,6.16.0,True,Owner 4,owner4@example.com
host-45,10.0.0.45,CentOS 7,Failed,6.16.0,True,Owner 5,owner5@example.com
host-46,10.0.0.46,Ubuntu 22.04,Healthy,6.16.0,True,Owner 1,owner1@example.com
host-47,10.0.0.47,CentOS 7,Healthy,6.16.0,True,Owner 2,owner2@example.com
host-48,10.0.0.48,Ubuntu 22.04,Healthy,6.16.0,True,Owner 3,owner3@example.com
host-49,10.0.0.49,CentOS 7,Healthy,6.16.0,False,Owner 4,owner4@example.com
host-50,10.0.0.50,Ubuntu 22.04,Failed,6.16.0,True,Owner 5,owner5@example.com
